Clicks;Calls;Sites;Position;DayOfWeek;HasSocialAccounts;nom1;nom2;nom3;nom4;nom5;nom6
143;13;27;2;5;1;0;0;0;0;1;0
126;10;29;2;5;1;0;0;0;0;1;0
121;14;28;3;4;1;0;0;0;1;0;0
120;6;17;1;3;1;0;0;1;0;0;0
111;8;24;2;4;1;0;0;0;1;0;0
96;7;37;6;3;1;0;0;1;0;0;0
93;5;19;2;5;1;0;0;0;0;1;0
88;6;17;8;5;1;0;0;0;0;1;0
87;3;27;1;7;1;0;0;0;0;0;0
87;9;23;2;6;1;0;0;0;0;0;1
87;7;21;3;2;1;0;1;0;0;0;0
84;9;21;4;4;1;0;0;0;1;0;0
82;5;11;2;4;1;0;0;0;1;0;0
78;3;18;1;4;1;0;0;0;1;0;0
77;8;24;8;5;0;0;0;0;0;1;0
74;7;15;2;6;1;0;0;0;0;0;1
74;8;28;3;3;1;0;0;1;0;0;0
73;10;46;4;5;1;0;0;0;0;1;0
72;6;15;3;3;1;0;0;1;0;0;0
71;6;45;5;6;1;0;0;0;0;0;1
71;9;13;18;3;1;0;0;1;0;0;0
69;12;30;8;4;1;0;0;0;1;0;0
68;11;14;3;5;0;0;0;0;0;1;0
67;13;11;2;3;0;0;0;1;0;0;0
67;9;28;16;3;0;0;0;1;0;0;0
67;9;34;8;3;1;0;0;1;0;0;0
67;10;11;3;1;1;1;0;0;0;0;0
67;6;8;2;1;1;1;0;0;0;0;0
65;6;15;2;2;1;0;1;0;0;0;0
64;12;34;3;6;1;0;0;0;0;0;1
64;8;19;3;4;1;0;0;0;1;0;0
64;11;39;4;3;1;0;0;1;0;0;0
61;12;16;3;3;0;0;0;1;0;0;0
61;7;20;1;5;1;0;0;0;0;1;0
60;8;17;4;3;1;0;0;1;0;0;0
60;7;15;7;4;1;0;0;0;1;0;0
59;7;13;2;6;0;0;0;0;0;0;1
59;3;8;5;4;1;0;0;0;1;0;0
59;5;14;4;3;1;0;0;1;0;0;0
59;6;19;31;5;1;0;0;0;0;1;0
58;8;30;4;2;1;0;1;0;0;0;0
58;9;30;4;1;1;1;0;0;0;0;0
57;9;14;2;3;1;0;0;1;0;0;0
57;10;18;10;3;1;0;0;1;0;0;0
57;9;19;2;6;1;0;0;0;0;0;1
57;6;10;3;4;1;0;0;0;1;0;0
57;6;20;5;5;1;0;0;0;0;1;0
57;3;17;2;6;1;0;0;0;0;0;1
56;6;29;5;2;1;0;1;0;0;0;0
56;8;20;4;5;1;0;0;0;0;1;0
55;10;22;2;4;0;0;0;0;1;0;0
55;13;30;6;2;1;0;1;0;0;0;0
55;6;14;2;1;1;1;0;0;0;0;0
54;5;27;5;1;1;1;0;0;0;0;0
54;5;18;3;2;1;0;1;0;0;0;0
54;11;27;5;3;1;0;0;1;0;0;0
53;8;19;6;3;1;0;0;1;0;0;0
53;3;3;1;3;1;0;0;1;0;0;0
53;8;24;5;4;1;0;0;0;1;0;0
52;8;17;4;5;1;0;0;0;0;1;0
52;8;29;6;5;1;0;0;0;0;1;0
52;7;18;2;7;1;0;0;0;0;0;0
52;8;18;2;5;1;0;0;0;0;1;0
52;4;10;19;5;1;0;0;0;0;1;0
52;3;10;17;2;1;0;1;0;0;0;0
52;4;20;5;6;1;0;0;0;0;0;1
51;7;26;27;1;1;1;0;0;0;0;0
51;11;11;4;3;1;0;0;1;0;0;0
51;5;13;11;3;1;0;0;1;0;0;0
50;6;13;4;2;0;0;1;0;0;0;0
50;6;14;5;1;1;1;0;0;0;0;0
49;8;18;3;3;1;0;0;1;0;0;0
48;4;14;8;4;1;0;0;0;1;0;0
48;4;10;3;7;1;0;0;0;0;0;0
47;3;9;9;3;1;0;0;1;0;0;0
47;13;27;33;2;1;0;1;0;0;0;0
46;5;12;9;5;1;0;0;0;0;1;0
45;5;10;5;6;1;0;0;0;0;0;1
45;5;14;8;2;1;0;1;0;0;0;0
45;6;9;8;4;1;0;0;0;1;0;0
44;6;10;4;3;1;0;0;1;0;0;0
44;10;19;4;7;1;0;0;0;0;0;0
43;6;6;1;1;1;1;0;0;0;0;0
43;7;11;8;4;1;0;0;0;1;0;0
43;3;11;13;2;1;0;1;0;0;0;0
42;5;11;2;1;1;1;0;0;0;0;0
42;1;1;1;2;1;0;1;0;0;0;0
41;3;12;9;6;1;0;0;0;0;0;1
41;5;10;6;1;1;1;0;0;0;0;0
41;4;9;5;2;1;0;1;0;0;0;0
41;6;11;12;1;1;1;0;0;0;0;0
40;5;8;12;4;1;0;0;0;1;0;0
40;2;11;1;3;1;0;0;1;0;0;0
40;6;14;2;2;1;0;1;0;0;0;0
40;6;15;3;1;1;1;0;0;0;0;0
39;5;8;3;2;1;0;1;0;0;0;0
39;5;8;26;3;1;0;0;1;0;0;0
39;6;20;124;1;1;1;0;0;0;0;0
38;4;13;6;3;1;0;0;1;0;0;0
38;6;19;10;4;1;0;0;0;1;0;0
38;10;5;1;3;0;0;0;1;0;0;0
38;5;11;2;1;1;1;0;0;0;0;0
37;7;8;5;3;1;0;0;1;0;0;0
37;6;6;2;5;0;0;0;0;0;1;0
37;4;14;3;2;1;0;1;0;0;0;0
37;6;10;25;5;1;0;0;0;0;1;0
37;4;21;4;4;1;0;0;0;1;0;0
36;6;9;4;5;1;0;0;0;0;1;0
36;5;8;1;6;1;0;0;0;0;0;1
36;5;10;5;3;1;0;0;1;0;0;0
35;4;8;34;4;1;0;0;0;1;0;0
35;5;24;65;5;1;0;0;0;0;1;0
35;5;10;2;7;0;0;0;0;0;0;0
35;2;14;22;1;1;1;0;0;0;0;0
34;4;12;4;7;0;0;0;0;0;0;0
34;5;18;7;7;1;0;0;0;0;0;0
34;5;19;7;3;1;0;0;1;0;0;0
34;5;13;89;1;1;1;0;0;0;0;0
33;5;20;17;3;1;0;0;1;0;0;0
33;2;2;1;5;1;0;0;0;0;1;0
33;8;10;5;2;1;0;1;0;0;0;0
33;4;20;7;1;1;1;0;0;0;0;0
33;2;12;3;6;1;0;0;0;0;0;1
32;3;19;7;6;1;0;0;0;0;0;1
32;8;12;2;1;1;1;0;0;0;0;0
32;4;13;18;5;1;0;0;0;0;1;0
32;3;7;9;4;1;0;0;0;1;0;0
32;7;5;2;1;0;1;0;0;0;0;0
32;3;5;4;5;1;0;0;0;0;1;0
32;4;7;9;4;1;0;0;0;1;0;0
31;5;10;8;1;1;1;0;0;0;0;0
31;4;19;10;3;1;0;0;1;0;0;0
31;3;8;2;5;0;0;0;0;0;1;0
31;3;8;8;5;1;0;0;0;0;1;0
31;3;7;3;1;1;1;0;0;0;0;0
30;8;11;44;4;1;0;0;0;1;0;0
30;2;5;7;6;0;0;0;0;0;0;1
30;6;17;19;1;0;1;0;0;0;0;0
30;3;11;6;5;1;0;0;0;0;1;0
30;6;6;2;1;0;1;0;0;0;0;0
29;3;4;6;2;1;0;1;0;0;0;0
29;9;16;9;2;1;0;1;0;0;0;0
29;4;12;6;4;0;0;0;0;1;0;0
29;3;24;8;5;1;0;0;0;0;1;0
29;4;11;5;4;1;0;0;0;1;0;0
29;4;14;8;3;1;0;0;1;0;0;0
29;7;8;2;1;1;1;0;0;0;0;0
29;5;11;5;1;0;1;0;0;0;0;0
29;9;14;4;6;1;0;0;0;0;0;1
29;2;8;10;4;1;0;0;0;1;0;0
29;8;2;28;5;1;0;0;0;0;1;0
28;8;7;13;1;1;1;0;0;0;0;0
28;7;14;140;2;1;0;1;0;0;0;0
28;2;8;7;5;1;0;0;0;0;1;0
28;3;9;4;7;1;0;0;0;0;0;0
28;4;6;17;2;1;0;1;0;0;0;0
28;3;16;12;2;1;0;1;0;0;0;0
27;3;5;4;7;1;0;0;0;0;0;0
27;8;11;23;2;1;0;1;0;0;0;0
27;3;4;2;3;1;0;0;1;0;0;0
27;5;12;2;2;0;0;1;0;0;0;0
27;5;12;4;4;1;0;0;0;1;0;0
26;3;8;2;2;1;0;1;0;0;0;0
26;3;10;3;2;1;0;1;0;0;0;0
26;2;8;5;5;1;0;0;0;0;1;0
26;5;6;6;6;1;0;0;0;0;0;1
26;5;8;89;3;1;0;0;1;0;0;0
26;5;8;136;4;1;0;0;0;1;0;0
26;4;9;2;3;1;0;0;1;0;0;0
26;3;9;12;3;0;0;0;1;0;0;0
26;4;8;8;4;1;0;0;0;1;0;0
26;3;12;32;6;1;0;0;0;0;0;1
25;5;3;5;1;1;1;0;0;0;0;0
25;5;9;9;3;1;0;0;1;0;0;0
25;7;9;13;4;1;0;0;0;1;0;0
25;4;19;5;2;1;0;1;0;0;0;0
25;1;5;1;7;1;0;0;0;0;0;0
25;3;7;4;5;1;0;0;0;0;1;0
25;2;12;9;2;1;0;1;0;0;0;0
25;5;17;11;2;1;0;1;0;0;0;0
25;5;4;19;2;0;0;1;0;0;0;0
25;2;6;15;5;0;0;0;0;0;1;0
25;6;5;2;3;1;0;0;1;0;0;0
25;1;1;1;1;0;1;0;0;0;0;0
25;3;9;7;1;1;1;0;0;0;0;0
24;3;10;23;3;1;0;0;1;0;0;0
24;4;13;13;6;1;0;0;0;0;0;1
24;2;6;9;1;1;1;0;0;0;0;0
24;2;4;10;7;1;0;0;0;0;0;0
24;5;5;4;2;1;0;1;0;0;0;0
24;4;8;9;2;1;0;1;0;0;0;0
24;5;5;6;4;1;0;0;0;1;0;0
24;4;9;7;2;1;0;1;0;0;0;0
24;4;4;7;5;1;0;0;0;0;1;0
24;2;6;6;2;0;0;1;0;0;0;0
24;3;9;8;4;1;0;0;0;1;0;0
24;5;10;22;4;0;0;0;0;1;0;0
23;4;5;8;4;0;0;0;0;1;0;0
23;6;5;19;4;1;0;0;0;1;0;0
23;3;5;76;3;1;0;0;1;0;0;0
23;7;3;2;3;1;0;0;1;0;0;0
23;1;2;1;1;1;1;0;0;0;0;0
23;2;13;9;3;1;0;0;1;0;0;0
23;1;8;9;2;0;0;1;0;0;0;0
23;6;11;71;3;0;0;0;1;0;0;0
23;2;9;9;5;1;0;0;0;0;1;0
23;3;3;1;5;1;0;0;0;0;1;0
23;4;10;3;3;1;0;0;1;0;0;0
23;3;5;11;3;0;0;0;1;0;0;0
23;6;6;19;2;0;0;1;0;0;0;0
23;4;4;2;5;1;0;0;0;0;1;0
23;3;17;6;3;1;0;0;1;0;0;0
23;3;7;9;6;1;0;0;0;0;0;1
23;3;6;2;2;1;0;1;0;0;0;0
23;4;12;47;1;0;1;0;0;0;0;0
22;4;13;19;6;1;0;0;0;0;0;1
22;5;5;12;1;1;1;0;0;0;0;0
22;5;13;17;4;1;0;0;0;1;0;0
22;4;6;9;3;0;0;0;1;0;0;0
22;2;12;11;4;1;0;0;0;1;0;0
22;3;3;9;4;1;0;0;0;1;0;0
22;3;3;7;2;1;0;1;0;0;0;0
22;6;17;7;5;1;0;0;0;0;1;0
22;4;8;20;2;1;0;1;0;0;0;0
21;2;2;1;2;1;0;1;0;0;0;0
21;4;4;30;1;1;1;0;0;0;0;0
21;3;15;12;7;1;0;0;0;0;0;0
21;3;10;5;5;1;0;0;0;0;1;0
21;5;5;10;1;1;1;0;0;0;0;0
21;3;11;7;5;1;0;0;0;0;1;0
21;2;8;11;2;1;0;1;0;0;0;0
21;2;6;18;6;1;0;0;0;0;0;1
20;5;2;2;6;0;0;0;0;0;0;1
20;2;8;16;2;1;0;1;0;0;0;0
20;5;11;52;4;1;0;0;0;1;0;0
20;2;4;2;6;0;0;0;0;0;0;1
20;3;2;1;4;0;0;0;0;1;0;0
20;3;6;18;5;1;0;0;0;0;1;0
20;2;8;3;5;1;0;0;0;0;1;0
20;5;11;6;2;1;0;1;0;0;0;0
20;3;6;28;1;1;1;0;0;0;0;0
20;3;5;14;3;1;0;0;1;0;0;0
20;3;7;13;7;1;0;0;0;0;0;0
20;4;3;3;5;1;0;0;0;0;1;0
20;4;6;7;2;1;0;1;0;0;0;0
20;4;7;6;1;1;1;0;0;0;0;0
20;2;2;12;5;1;0;0;0;0;1;0
20;2;6;12;2;1;0;1;0;0;0;0
19;3;8;1;6;1;0;0;0;0;0;1
19;5;5;4;3;1;0;0;1;0;0;0
19;3;7;2;5;1;0;0;0;0;1;0
19;2;5;25;5;1;0;0;0;0;1;0
19;2;7;6;6;1;0;0;0;0;0;1
19;3;8;13;1;1;1;0;0;0;0;0
19;5;6;2;4;1;0;0;0;1;0;0
19;2;4;8;3;1;0;0;1;0;0;0
19;2;12;38;5;1;0;0;0;0;1;0
19;4;8;13;4;1;0;0;0;1;0;0
19;2;3;7;4;1;0;0;0;1;0;0
19;3;6;1;5;1;0;0;0;0;1;0
19;3;3;4;2;1;0;1;0;0;0;0
19;4;6;46;2;1;0;1;0;0;0;0
19;3;5;2;3;1;0;0;1;0;0;0
19;3;10;9;1;1;1;0;0;0;0;0
18;6;2;6;3;0;0;0;1;0;0;0
18;5;3;2;6;0;0;0;0;0;0;1
18;3;4;19;4;1;0;0;0;1;0;0
18;3;5;30;7;1;0;0;0;0;0;0
18;3;7;1;4;1;0;0;0;1;0;0
18;3;7;94;3;1;0;0;1;0;0;0
18;2;3;12;3;1;0;0;1;0;0;0
18;1;6;6;2;1;0;1;0;0;0;0
18;5;5;41;4;0;0;0;0;1;0;0
18;4;4;4;2;0;0;1;0;0;0;0
18;3;3;27;4;1;0;0;0;1;0;0
18;5;5;12;1;1;1;0;0;0;0;0
18;2;7;8;3;0;0;0;1;0;0;0
17;7;6;145;4;1;0;0;0;1;0;0
17;1;1;1;5;1;0;0;0;0;1;0
17;4;7;27;4;0;0;0;0;1;0;0
17;4;2;5;3;1;0;0;1;0;0;0
17;4;4;5;4;0;0;0;0;1;0;0
17;2;2;24;6;0;0;0;0;0;0;1
17;3;5;5;2;1;0;1;0;0;0;0
17;2;5;7;5;1;0;0;0;0;1;0
17;3;4;5;2;1;0;1;0;0;0;0
17;4;5;8;2;1;0;1;0;0;0;0
17;4;9;5;3;1;0;0;1;0;0;0
17;5;6;96;4;1;0;0;0;1;0;0
17;3;8;7;3;1;0;0;1;0;0;0
17;3;7;12;2;1;0;1;0;0;0;0
17;4;7;11;4;1;0;0;0;1;0;0
17;2;6;74;2;0;0;1;0;0;0;0
16;5;7;40;4;1;0;0;0;1;0;0
16;2;4;9;4;1;0;0;0;1;0;0
16;4;2;137;4;1;0;0;0;1;0;0
16;4;6;32;3;1;0;0;1;0;0;0
16;2;5;10;5;1;0;0;0;0;1;0
16;1;3;2;3;1;0;0;1;0;0;0
16;5;4;36;2;1;0;1;0;0;0;0
16;4;5;19;4;1;0;0;0;1;0;0
16;3;2;13;7;1;0;0;0;0;0;0
16;4;3;3;1;1;1;0;0;0;0;0
16;3;4;2;5;0;0;0;0;0;1;0
16;3;9;3;2;1;0;1;0;0;0;0
16;2;7;2;1;1;1;0;0;0;0;0
16;2;7;4;6;1;0;0;0;0;0;1
16;2;7;9;7;1;0;0;0;0;0;0
16;6;9;40;1;1;1;0;0;0;0;0
16;4;10;46;1;1;1;0;0;0;0;0
15;4;6;43;3;1;0;0;1;0;0;0
15;2;2;26;6;1;0;0;0;0;0;1
15;2;8;76;4;0;0;0;0;1;0;0
15;3;9;7;2;1;0;1;0;0;0;0
15;5;4;37;3;1;0;0;1;0;0;0
15;2;9;24;1;1;1;0;0;0;0;0
15;3;8;36;1;1;1;0;0;0;0;0
15;2;3;17;1;1;1;0;0;0;0;0
15;4;6;15;3;0;0;0;1;0;0;0
15;3;3;3;4;1;0;0;0;1;0;0
15;2;7;4;1;1;1;0;0;0;0;0
15;4;2;12;4;1;0;0;0;1;0;0
15;6;7;121;4;1;0;0;0;1;0;0
15;2;7;2;4;1;0;0;0;1;0;0
15;1;3;6;3;1;0;0;1;0;0;0
15;2;4;41;4;1;0;0;0;1;0;0
15;6;7;15;4;1;0;0;0;1;0;0
15;2;13;12;3;0;0;0;1;0;0;0
15;3;6;69;4;1;0;0;0;1;0;0
15;1;12;47;1;1;1;0;0;0;0;0
15;2;3;2;3;0;0;0;1;0;0;0
15;5;6;37;3;0;0;0;1;0;0;0
14;3;4;7;6;1;0;0;0;0;0;1
14;3;5;12;3;1;0;0;1;0;0;0
14;3;3;9;3;1;0;0;1;0;0;0
14;3;4;21;2;1;0;1;0;0;0;0
14;2;3;25;6;1;0;0;0;0;0;1
14;4;2;1;4;1;0;0;0;1;0;0
14;3;4;48;4;1;0;0;0;1;0;0
14;2;4;10;3;0;0;0;1;0;0;0
14;1;5;13;2;1;0;1;0;0;0;0
14;3;3;1;1;0;1;0;0;0;0;0
14;3;6;249;5;0;0;0;0;0;1;0
14;1;11;26;1;1;1;0;0;0;0;0
14;2;6;11;5;1;0;0;0;0;1;0
14;3;3;32;4;1;0;0;0;1;0;0
14;4;5;41;3;1;0;0;1;0;0;0
14;2;6;7;7;1;0;0;0;0;0;0
14;3;9;73;5;1;0;0;0;0;1;0
14;3;4;6;5;0;0;0;0;0;1;0
14;5;5;52;3;1;0;0;1;0;0;0
14;3;4;3;2;0;0;1;0;0;0;0
14;3;5;23;4;1;0;0;0;1;0;0
14;2;9;5;7;1;0;0;0;0;0;0
14;1;1;6;3;1;0;0;1;0;0;0
14;2;6;13;5;1;0;0;0;0;1;0
14;3;3;58;3;1;0;0;1;0;0;0
14;4;4;32;3;0;0;0;1;0;0;0
14;1;2;1;2;1;0;1;0;0;0;0
13;2;2;382;2;1;0;1;0;0;0;0
13;3;3;55;3;0;0;0;1;0;0;0
13;3;5;265;4;0;0;0;0;1;0;0
13;4;3;1;2;0;0;1;0;0;0;0
13;2;3;2;6;0;0;0;0;0;0;1
13;4;4;27;3;0;0;0;1;0;0;0
13;1;5;33;5;1;0;0;0;0;1;0
13;3;2;42;3;1;0;0;1;0;0;0
13;2;4;36;1;1;1;0;0;0;0;0
13;1;2;1;4;1;0;0;0;1;0;0
13;1;4;15;2;1;0;1;0;0;0;0
13;2;2;5;3;0;0;0;1;0;0;0
13;3;1;19;3;0;0;0;1;0;0;0
13;1;1;1;4;1;0;0;0;1;0;0
13;4;7;4;3;1;0;0;1;0;0;0
13;2;5;3;3;1;0;0;1;0;0;0
13;2;6;18;4;1;0;0;0;1;0;0
13;3;8;5;6;0;0;0;0;0;0;1
13;2;2;9;7;1;0;0;0;0;0;0
13;4;4;10;5;0;0;0;0;0;1;0
13;3;4;3;2;1;0;1;0;0;0;0
13;5;8;1;4;1;0;0;0;1;0;0
13;2;4;4;5;1;0;0;0;0;1;0
13;1;4;5;7;1;0;0;0;0;0;0
13;3;5;13;2;1;0;1;0;0;0;0
13;5;4;9;4;1;0;0;0;1;0;0
13;4;8;59;1;1;1;0;0;0;0;0
13;1;3;3;1;1;1;0;0;0;0;0
13;1;2;5;6;1;0;0;0;0;0;1
13;2;3;1;7;0;0;0;0;0;0;0
13;4;6;4;7;1;0;0;0;0;0;0
13;3;5;75;3;1;0;0;1;0;0;0
12;1;4;30;6;1;0;0;0;0;0;1
12;4;3;6;3;0;0;0;1;0;0;0
12;2;5;8;4;1;0;0;0;1;0;0
12;5;6;33;1;1;1;0;0;0;0;0
12;2;4;5;3;0;0;0;1;0;0;0
12;1;1;6;2;1;0;1;0;0;0;0
12;5;6;2;3;0;0;0;1;0;0;0
12;1;5;6;5;1;0;0;0;0;1;0
12;3;5;15;4;1;0;0;0;1;0;0
12;2;5;12;5;1;0;0;0;0;1;0
12;4;4;36;4;1;0;0;0;1;0;0
12;2;8;10;5;1;0;0;0;0;1;0
12;3;8;10;3;1;0;0;1;0;0;0
12;2;9;11;5;1;0;0;0;0;1;0
12;1;5;3;5;1;0;0;0;0;1;0
12;2;6;18;5;1;0;0;0;0;1;0
12;2;4;18;6;1;0;0;0;0;0;1
12;1;1;8;6;1;0;0;0;0;0;1
12;1;4;7;1;1;1;0;0;0;0;0
12;5;6;39;2;1;0;1;0;0;0;0
12;3;3;23;1;1;1;0;0;0;0;0
12;4;10;1;5;1;0;0;0;0;1;0
12;3;2;17;2;1;0;1;0;0;0;0
12;3;5;78;5;0;0;0;0;0;1;0
12;5;5;20;3;0;0;0;1;0;0;0
12;1;2;1;3;1;0;0;1;0;0;0
12;3;4;65;3;1;0;0;1;0;0;0
12;1;3;9;7;1;0;0;0;0;0;0
12;2;6;12;5;1;0;0;0;0;1;0
12;4;4;4;3;1;0;0;1;0;0;0
12;2;2;21;4;1;0;0;0;1;0;0
12;2;4;224;2;1;0;1;0;0;0;0
12;1;5;6;3;1;0;0;1;0;0;0
12;3;5;8;3;1;0;0;1;0;0;0
12;2;4;6;2;1;0;1;0;0;0;0
11;1;4;3;6;0;0;0;0;0;0;1
11;2;1;7;1;1;1;0;0;0;0;0
11;1;3;2;7;1;0;0;0;0;0;0
11;1;2;4;3;0;0;0;1;0;0;0
11;2;7;71;5;0;0;0;0;0;1;0
11;1;2;2;7;1;0;0;0;0;0;0
11;2;2;20;1;1;1;0;0;0;0;0
11;3;3;56;2;1;0;1;0;0;0;0
11;3;5;24;1;0;1;0;0;0;0;0
11;3;6;63;5;0;0;0;0;0;1;0
11;2;2;4;6;1;0;0;0;0;0;1
11;3;6;27;4;1;0;0;0;1;0;0
11;3;3;10;5;0;0;0;0;0;1;0
11;1;3;5;7;1;0;0;0;0;0;0
11;3;2;16;3;0;0;0;1;0;0;0
11;3;4;26;5;0;0;0;0;0;1;0
11;2;2;7;4;0;0;0;0;1;0;0
11;1;1;2;3;0;0;0;1;0;0;0
11;3;7;40;2;1;0;1;0;0;0;0
11;3;4;29;2;1;0;1;0;0;0;0
11;4;6;76;4;1;0;0;0;1;0;0
11;3;5;17;3;1;0;0;1;0;0;0
11;2;4;13;2;0;0;1;0;0;0;0
11;1;3;21;3;1;0;0;1;0;0;0
11;1;2;8;3;1;0;0;1;0;0;0
11;2;4;84;7;1;0;0;0;0;0;0
11;3;7;19;2;0;0;1;0;0;0;0
11;3;4;27;4;1;0;0;0;1;0;0
11;2;2;40;4;1;0;0;0;1;0;0
11;2;2;3;4;1;0;0;0;1;0;0
11;2;3;6;6;1;0;0;0;0;0;1
11;1;2;8;5;1;0;0;0;0;1;0
11;5;3;4;3;0;0;0;1;0;0;0
11;2;2;8;2;1;0;1;0;0;0;0
11;2;2;39;4;1;0;0;0;1;0;0
11;1;4;8;6;1;0;0;0;0;0;1
11;1;1;33;4;1;0;0;0;1;0;0
10;1;1;2;2;0;0;1;0;0;0;0
10;1;4;4;7;1;0;0;0;0;0;0
10;1;2;1;2;1;0;1;0;0;0;0
10;1;1;10;7;0;0;0;0;0;0;0
10;1;5;31;1;1;1;0;0;0;0;0
10;2;2;15;3;0;0;0;1;0;0;0
10;1;1;17;7;1;0;0;0;0;0;0
10;2;5;30;4;1;0;0;0;1;0;0
10;2;3;6;2;1;0;1;0;0;0;0
10;1;3;2;6;1;0;0;0;0;0;1
10;1;3;2;2;1;0;1;0;0;0;0
10;1;5;88;1;1;1;0;0;0;0;0
10;2;6;21;4;0;0;0;0;1;0;0
10;2;2;62;3;0;0;0;1;0;0;0
10;1;1;1;4;0;0;0;0;1;0;0
10;1;4;4;1;1;1;0;0;0;0;0
10;3;7;164;2;1;0;1;0;0;0;0
10;3;4;40;7;1;0;0;0;0;0;0
10;3;3;51;4;1;0;0;0;1;0;0
10;2;4;3;1;1;1;0;0;0;0;0
10;2;3;14;5;0;0;0;0;0;1;0
10;2;4;47;3;1;0;0;1;0;0;0
10;3;2;2;4;1;0;0;0;1;0;0
10;3;5;28;3;1;0;0;1;0;0;0
10;3;3;40;4;0;0;0;0;1;0;0
10;2;3;3;5;0;0;0;0;0;1;0
10;1;2;31;7;1;0;0;0;0;0;0
10;2;3;47;4;1;0;0;0;1;0;0
10;1;4;9;3;1;0;0;1;0;0;0
10;3;4;1;4;1;0;0;0;1;0;0
10;2;6;58;2;0;0;1;0;0;0;0
10;1;2;3;2;0;0;1;0;0;0;0
10;2;4;82;5;1;0;0;0;0;1;0
10;1;3;11;3;0;0;0;1;0;0;0
10;2;2;91;6;1;0;0;0;0;0;1
10;3;4;2;4;1;0;0;0;1;0;0
10;2;2;13;3;1;0;0;1;0;0;0
10;3;3;331;3;1;0;0;1;0;0;0
10;1;2;8;1;0;1;0;0;0;0;0
10;1;4;9;1;1;1;0;0;0;0;0
10;1;2;13;6;1;0;0;0;0;0;1
10;1;3;15;1;1;1;0;0;0;0;0
10;3;3;68;5;1;0;0;0;0;1;0
10;2;3;46;6;0;0;0;0;0;0;1
10;2;1;12;2;1;0;1;0;0;0;0
10;1;1;5;5;1;0;0;0;0;1;0
9;5;3;68;3;1;0;0;1;0;0;0
9;3;2;65;3;0;0;0;1;0;0;0
9;4;4;123;4;0;0;0;0;1;0;0
9;1;5;12;3;1;0;0;1;0;0;0
9;1;1;108;3;1;0;0;1;0;0;0
9;2;4;23;7;1;0;0;0;0;0;0
9;3;5;15;5;1;0;0;0;0;1;0
9;4;3;3;5;0;0;0;0;0;1;0
9;2;8;6;6;1;0;0;0;0;0;1
9;1;6;2;1;0;1;0;0;0;0;0
9;2;2;19;3;1;0;0;1;0;0;0
9;2;2;41;3;1;0;0;1;0;0;0
9;1;3;258;5;1;0;0;0;0;1;0
9;2;5;2;7;0;0;0;0;0;0;0
9;2;2;15;2;1;0;1;0;0;0;0
9;1;3;14;2;0;0;1;0;0;0;0
9;3;3;269;4;0;0;0;0;1;0;0
9;3;7;4;7;1;0;0;0;0;0;0
9;1;2;267;4;1;0;0;0;1;0;0
9;1;4;12;6;1;0;0;0;0;0;1
9;1;1;1;5;1;0;0;0;0;1;0
9;2;3;43;5;1;0;0;0;0;1;0
9;1;1;11;6;1;0;0;0;0;0;1
9;2;1;19;2;1;0;1;0;0;0;0
9;2;2;56;3;1;0;0;1;0;0;0
9;1;1;100;2;1;0;1;0;0;0;0
9;2;2;6;4;1;0;0;0;1;0;0
9;2;2;7;5;0;0;0;0;0;1;0
9;1;2;10;7;1;0;0;0;0;0;0
9;2;4;6;2;0;0;1;0;0;0;0
9;2;6;3;4;1;0;0;0;1;0;0
9;2;4;13;2;1;0;1;0;0;0;0
9;1;1;13;2;0;0;1;0;0;0;0
9;3;4;16;4;1;0;0;0;1;0;0
9;2;2;19;5;1;0;0;0;0;1;0
9;2;1;53;2;1;0;1;0;0;0;0
9;3;5;1;3;0;0;0;1;0;0;0
9;3;3;62;3;1;0;0;1;0;0;0
9;1;4;9;2;1;0;1;0;0;0;0
9;1;1;14;3;1;0;0;1;0;0;0
9;5;3;84;2;1;0;1;0;0;0;0
9;2;3;145;2;1;0;1;0;0;0;0
9;1;2;9;3;1;0;0;1;0;0;0
9;2;8;5;3;0;0;0;1;0;0;0
9;2;2;26;2;0;0;1;0;0;0;0
9;2;1;3;1;1;1;0;0;0;0;0
9;1;2;14;5;0;0;0;0;0;1;0
9;2;6;9;6;0;0;0;0;0;0;1
9;2;6;19;1;1;1;0;0;0;0;0
9;2;2;114;1;1;1;0;0;0;0;0
9;2;3;15;3;1;0;0;1;0;0;0
9;1;4;3;6;1;0;0;0;0;0;1
9;1;4;7;2;0;0;1;0;0;0;0
9;2;9;91;4;1;0;0;0;1;0;0
9;3;2;154;4;0;0;0;0;1;0;0
9;5;4;121;4;0;0;0;0;1;0;0
9;1;5;16;1;0;1;0;0;0;0;0
9;2;8;23;3;1;0;0;1;0;0;0
9;1;1;5;5;1;0;0;0;0;1;0
9;2;5;35;4;0;0;0;0;1;0;0
9;3;2;7;4;1;0;0;0;1;0;0
9;2;6;50;2;1;0;1;0;0;0;0
9;3;1;1;7;1;0;0;0;0;0;0
8;2;3;12;3;0;0;0;1;0;0;0
8;2;5;77;3;1;0;0;1;0;0;0
8;2;2;20;4;0;0;0;0;1;0;0
8;2;3;11;1;1;1;0;0;0;0;0
8;2;2;59;4;1;0;0;0;1;0;0
8;2;6;4;3;1;0;0;1;0;0;0
8;2;1;4;4;1;0;0;0;1;0;0
8;3;4;10;6;0;0;0;0;0;0;1
8;1;1;19;4;0;0;0;0;1;0;0
8;2;3;49;2;1;0;1;0;0;0;0
8;1;2;6;7;1;0;0;0;0;0;0
8;2;3;53;3;0;0;0;1;0;0;0
8;2;2;29;2;1;0;1;0;0;0;0
8;1;1;115;1;0;1;0;0;0;0;0
8;1;2;4;3;1;0;0;1;0;0;0
8;2;2;10;7;1;0;0;0;0;0;0
8;1;3;109;2;1;0;1;0;0;0;0
8;1;4;50;5;1;0;0;0;0;1;0
8;2;2;85;1;1;1;0;0;0;0;0
8;3;2;6;3;1;0;0;1;0;0;0
8;1;1;24;1;0;1;0;0;0;0;0
8;2;2;10;4;0;0;0;0;1;0;0
8;3;3;90;4;1;0;0;0;1;0;0
8;2;1;11;5;1;0;0;0;0;1;0
8;2;5;23;4;1;0;0;0;1;0;0
8;2;4;27;5;1;0;0;0;0;1;0
8;1;5;240;2;0;0;1;0;0;0;0
8;1;1;13;3;1;0;0;1;0;0;0
8;1;4;11;3;1;0;0;1;0;0;0
8;3;2;11;3;1;0;0;1;0;0;0
8;1;6;18;1;1;1;0;0;0;0;0
8;1;4;9;7;1;0;0;0;0;0;0
8;2;3;15;5;0;0;0;0;0;1;0
8;2;2;1;2;0;0;1;0;0;0;0
8;1;2;22;3;0;0;0;1;0;0;0
8;3;3;10;4;1;0;0;0;1;0;0
8;1;1;5;5;1;0;0;0;0;1;0
8;3;2;85;3;1;0;0;1;0;0;0
8;2;4;87;3;1;0;0;1;0;0;0
8;2;1;14;4;0;0;0;0;1;0;0
8;3;6;2;2;1;0;1;0;0;0;0
8;1;1;34;2;1;0;1;0;0;0;0
8;1;6;7;3;1;0;0;1;0;0;0
8;1;1;248;5;0;0;0;0;0;1;0
8;1;1;136;2;1;0;1;0;0;0;0
8;5;2;18;3;1;0;0;1;0;0;0
8;1;3;25;5;1;0;0;0;0;1;0
8;2;3;138;3;0;0;0;1;0;0;0
8;4;2;8;3;0;0;0;1;0;0;0
8;4;4;7;6;1;0;0;0;0;0;1
8;2;3;236;2;0;0;1;0;0;0;0
8;2;2;48;7;1;0;0;0;0;0;0
8;1;1;15;4;1;0;0;0;1;0;0
8;1;5;18;1;0;1;0;0;0;0;0
8;2;4;15;1;1;1;0;0;0;0;0
8;3;2;27;4;0;0;0;0;1;0;0
8;2;3;3;4;0;0;0;0;1;0;0
8;2;3;30;2;0;0;1;0;0;0;0
8;3;5;15;4;0;0;0;0;1;0;0
8;3;4;97;5;0;0;0;0;0;1;0
8;1;3;22;3;1;0;0;1;0;0;0
8;2;2;47;5;0;0;0;0;0;1;0
8;2;9;57;1;1;1;0;0;0;0;0
8;1;1;13;2;1;0;1;0;0;0;0
8;1;3;6;3;0;0;0;1;0;0;0
8;2;2;26;5;0;0;0;0;0;1;0
8;1;2;22;1;1;1;0;0;0;0;0
8;1;2;11;6;1;0;0;0;0;0;1
8;2;2;16;4;1;0;0;0;1;0;0
8;2;2;14;3;1;0;0;1;0;0;0
8;1;1;14;6;1;0;0;0;0;0;1
8;1;3;6;1;1;1;0;0;0;0;0
8;1;3;3;7;1;0;0;0;0;0;0
8;2;3;140;5;1;0;0;0;0;1;0
8;1;1;4;3;0;0;0;1;0;0;0
8;2;3;11;5;0;0;0;0;0;1;0
8;2;3;36;2;1;0;1;0;0;0;0
8;3;3;107;5;1;0;0;0;0;1;0
7;1;1;26;3;1;0;0;1;0;0;0
7;3;3;6;4;0;0;0;0;1;0;0
7;1;1;2;2;1;0;1;0;0;0;0
7;3;1;12;2;1;0;1;0;0;0;0
7;1;2;2;3;1;0;0;1;0;0;0
7;1;2;88;2;0;0;1;0;0;0;0
7;3;2;148;4;1;0;0;0;1;0;0
7;1;1;44;5;0;0;0;0;0;1;0
7;1;2;374;2;1;0;1;0;0;0;0
7;1;1;79;5;1;0;0;0;0;1;0
7;1;1;51;3;1;0;0;1;0;0;0
7;1;3;6;7;1;0;0;0;0;0;0
7;1;2;4;3;0;0;0;1;0;0;0
7;2;1;1;5;0;0;0;0;0;1;0
7;2;2;16;3;0;0;0;1;0;0;0
7;1;1;42;5;1;0;0;0;0;1;0
7;1;2;20;6;1;0;0;0;0;0;1
7;1;2;5;4;1;0;0;0;1;0;0
7;1;1;32;1;1;1;0;0;0;0;0
7;2;6;21;4;1;0;0;0;1;0;0
7;1;1;6;2;1;0;1;0;0;0;0
7;3;4;78;4;1;0;0;0;1;0;0
7;1;2;1;5;1;0;0;0;0;1;0
7;2;2;28;5;1;0;0;0;0;1;0
7;3;4;39;5;1;0;0;0;0;1;0
7;1;1;28;5;1;0;0;0;0;1;0
7;1;1;2;2;0;0;1;0;0;0;0
7;1;2;6;1;0;1;0;0;0;0;0
7;1;3;313;5;1;0;0;0;0;1;0
7;2;1;71;2;1;0;1;0;0;0;0
7;1;2;59;4;1;0;0;0;1;0;0
7;3;3;30;4;1;0;0;0;1;0;0
7;1;2;58;2;1;0;1;0;0;0;0
7;3;6;159;4;0;0;0;0;1;0;0
7;1;1;39;1;1;1;0;0;0;0;0
7;1;2;47;2;0;0;1;0;0;0;0
7;2;3;2;6;0;0;0;0;0;0;1
7;1;2;100;2;1;0;1;0;0;0;0
7;2;9;5;4;1;0;0;0;1;0;0
7;1;2;9;3;0;0;0;1;0;0;0
7;2;1;100;5;1;0;0;0;0;1;0
7;3;4;102;2;1;0;1;0;0;0;0
7;1;1;4;1;0;1;0;0;0;0;0
7;2;3;98;4;1;0;0;0;1;0;0
7;3;3;80;3;1;0;0;1;0;0;0
7;1;2;79;4;0;0;0;0;1;0;0
7;1;1;35;1;0;1;0;0;0;0;0
7;1;7;37;3;1;0;0;1;0;0;0
7;2;2;5;3;1;0;0;1;0;0;0
7;1;5;60;2;1;0;1;0;0;0;0
7;2;2;3;5;1;0;0;0;0;1;0
7;2;3;62;1;1;1;0;0;0;0;0
7;4;2;4;2;1;0;1;0;0;0;0
7;2;3;16;6;1;0;0;0;0;0;1
7;2;2;96;4;1;0;0;0;1;0;0
7;3;2;20;4;1;0;0;0;1;0;0
7;2;2;30;3;1;0;0;1;0;0;0
7;1;3;13;4;1;0;0;0;1;0;0
7;3;3;30;2;1;0;1;0;0;0;0
7;1;2;39;2;0;0;1;0;0;0;0
7;2;2;42;7;0;0;0;0;0;0;0
7;1;2;7;6;0;0;0;0;0;0;1
7;1;1;25;7;0;0;0;0;0;0;0
7;2;4;56;4;1;0;0;0;1;0;0
7;1;5;7;7;1;0;0;0;0;0;0
7;3;2;1;1;1;1;0;0;0;0;0
7;1;2;13;1;0;1;0;0;0;0;0
7;2;4;19;6;0;0;0;0;0;0;1
7;1;1;42;5;1;0;0;0;0;1;0
7;2;2;6;1;1;1;0;0;0;0;0
7;2;3;54;4;1;0;0;0;1;0;0
7;1;1;3;5;1;0;0;0;0;1;0
7;3;4;62;3;0;0;0;1;0;0;0
7;1;3;44;1;1;1;0;0;0;0;0
7;1;1;20;4;1;0;0;0;1;0;0
7;1;1;9;7;1;0;0;0;0;0;0
7;1;1;7;3;1;0;0;1;0;0;0
7;2;5;6;5;1;0;0;0;0;1;0
7;2;2;89;5;1;0;0;0;0;1;0
7;1;1;16;3;1;0;0;1;0;0;0
7;1;2;7;7;1;0;0;0;0;0;0
7;1;1;1;4;1;0;0;0;1;0;0
7;2;1;412;3;1;0;0;1;0;0;0
7;2;2;166;4;1;0;0;0;1;0;0
6;1;1;113;2;1;0;1;0;0;0;0
6;1;2;12;7;0;0;0;0;0;0;0
6;1;4;1;6;0;0;0;0;0;0;1
6;2;2;15;1;1;1;0;0;0;0;0
6;1;1;30;1;1;1;0;0;0;0;0
6;1;1;41;6;1;0;0;0;0;0;1
6;2;4;89;4;1;0;0;0;1;0;0
6;1;3;8;5;1;0;0;0;0;1;0
6;2;2;65;7;1;0;0;0;0;0;0
6;1;1;10;2;1;0;1;0;0;0;0
6;1;5;2;6;0;0;0;0;0;0;1
6;2;4;18;4;0;0;0;0;1;0;0
6;1;2;5;6;1;0;0;0;0;0;1
6;1;2;36;5;0;0;0;0;0;1;0
6;2;4;25;4;1;0;0;0;1;0;0
6;2;3;60;3;1;0;0;1;0;0;0
6;2;2;5;1;1;1;0;0;0;0;0
6;1;4;4;7;1;0;0;0;0;0;0
6;1;1;11;5;0;0;0;0;0;1;0
6;1;4;10;4;0;0;0;0;1;0;0
6;2;2;44;2;1;0;1;0;0;0;0
6;1;2;2;2;1;0;1;0;0;0;0
6;1;3;19;6;1;0;0;0;0;0;1
6;1;2;15;5;0;0;0;0;0;1;0
6;1;2;8;6;1;0;0;0;0;0;1
6;2;3;19;4;0;0;0;0;1;0;0
6;1;2;31;5;0;0;0;0;0;1;0
6;2;2;7;1;0;1;0;0;0;0;0
6;1;2;43;5;0;0;0;0;0;1;0
6;2;1;38;6;1;0;0;0;0;0;1
6;1;1;6;3;1;0;0;1;0;0;0
6;2;3;7;5;1;0;0;0;0;1;0
6;1;1;5;7;0;0;0;0;0;0;0
6;1;1;13;1;1;1;0;0;0;0;0
6;1;2;2;4;1;0;0;0;1;0;0
6;2;3;6;5;1;0;0;0;0;1;0
6;1;2;20;2;1;0;1;0;0;0;0
6;3;3;9;5;0;0;0;0;0;1;0
6;2;2;151;3;1;0;0;1;0;0;0
6;1;2;7;3;1;0;0;1;0;0;0
6;1;1;16;5;1;0;0;0;0;1;0
6;1;1;15;2;1;0;1;0;0;0;0
6;1;3;2;2;0;0;1;0;0;0;0
6;1;3;4;5;1;0;0;0;0;1;0
6;2;4;7;5;1;0;0;0;0;1;0
6;2;3;350;4;0;0;0;0;1;0;0
6;1;3;105;5;0;0;0;0;0;1;0
6;2;3;7;7;0;0;0;0;0;0;0
6;2;7;37;2;1;0;1;0;0;0;0
6;1;1;138;5;1;0;0;0;0;1;0
6;1;1;7;3;1;0;0;1;0;0;0
6;1;1;1;5;1;0;0;0;0;1;0
6;3;3;11;5;1;0;0;0;0;1;0
6;2;3;25;3;0;0;0;1;0;0;0
6;1;2;7;5;0;0;0;0;0;1;0
6;1;2;45;3;1;0;0;1;0;0;0
6;2;3;5;4;1;0;0;0;1;0;0
6;2;2;28;4;0;0;0;0;1;0;0
6;2;2;20;3;0;0;0;1;0;0;0
6;2;3;20;4;0;0;0;0;1;0;0
6;2;2;3;5;0;0;0;0;0;1;0
6;2;2;93;5;1;0;0;0;0;1;0
6;1;2;65;1;0;1;0;0;0;0;0
6;3;2;16;4;0;0;0;0;1;0;0
6;2;3;17;6;0;0;0;0;0;0;1
6;2;2;69;1;1;1;0;0;0;0;0
6;2;1;37;3;1;0;0;1;0;0;0
6;1;3;16;5;1;0;0;0;0;1;0
6;1;3;13;4;1;0;0;0;1;0;0
6;1;1;47;1;1;1;0;0;0;0;0
6;2;4;55;4;1;0;0;0;1;0;0
6;2;4;142;3;0;0;0;1;0;0;0
6;1;2;9;3;0;0;0;1;0;0;0
6;2;3;181;4;0;0;0;0;1;0;0
6;2;4;16;2;1;0;1;0;0;0;0
6;1;1;19;5;0;0;0;0;0;1;0
6;1;1;4;6;1;0;0;0;0;0;1
6;1;1;7;6;0;0;0;0;0;0;1
6;3;4;12;4;0;0;0;0;1;0;0
6;1;4;54;3;1;0;0;1;0;0;0
6;3;3;10;4;1;0;0;0;1;0;0
6;1;2;11;3;0;0;0;1;0;0;0
6;1;2;52;4;0;0;0;0;1;0;0
6;2;1;77;1;1;1;0;0;0;0;0
6;2;2;115;2;1;0;1;0;0;0;0
6;1;3;1;6;0;0;0;0;0;0;1
6;2;1;12;1;1;1;0;0;0;0;0
6;2;4;63;4;1;0;0;0;1;0;0
6;1;3;4;3;0;0;0;1;0;0;0
6;1;6;56;6;1;0;0;0;0;0;1
6;1;2;33;2;1;0;1;0;0;0;0
6;2;1;9;2;1;0;1;0;0;0;0
6;3;5;51;3;1;0;0;1;0;0;0
6;3;3;89;4;1;0;0;0;1;0;0
6;1;1;31;1;1;1;0;0;0;0;0
6;1;2;23;3;1;0;0;1;0;0;0
6;2;1;51;4;1;0;0;0;1;0;0
6;2;4;4;3;1;0;0;1;0;0;0
6;1;1;79;2;1;0;1;0;0;0;0
6;2;3;27;7;1;0;0;0;0;0;0
6;2;3;21;2;1;0;1;0;0;0;0
6;1;2;8;2;0;0;1;0;0;0;0
5;2;1;36;5;1;0;0;0;0;1;0
5;1;4;12;1;1;1;0;0;0;0;0
5;2;1;65;4;0;0;0;0;1;0;0
5;2;1;35;4;1;0;0;0;1;0;0
5;2;2;126;3;1;0;0;1;0;0;0
5;2;1;5;7;0;0;0;0;0;0;0
5;1;1;2;5;1;0;0;0;0;1;0
5;1;2;20;2;0;0;1;0;0;0;0
5;1;1;201;1;1;1;0;0;0;0;0
5;1;1;13;3;1;0;0;1;0;0;0
5;1;1;65;1;1;1;0;0;0;0;0
5;1;2;6;4;1;0;0;0;1;0;0
5;1;1;88;3;1;0;0;1;0;0;0
5;2;2;29;2;0;0;1;0;0;0;0
5;2;1;5;3;1;0;0;1;0;0;0
5;1;2;13;4;1;0;0;0;1;0;0
5;1;1;64;3;1;0;0;1;0;0;0
5;1;1;2;1;1;1;0;0;0;0;0
5;2;4;6;7;0;0;0;0;0;0;0
5;2;1;6;4;1;0;0;0;1;0;0
5;2;3;41;2;1;0;1;0;0;0;0
5;3;2;479;3;0;0;0;1;0;0;0
5;2;2;33;4;1;0;0;0;1;0;0
5;2;4;19;4;0;0;0;0;1;0;0
5;1;2;159;5;1;0;0;0;0;1;0
5;1;1;7;1;1;1;0;0;0;0;0
5;1;2;88;1;0;1;0;0;0;0;0
5;1;2;18;4;1;0;0;0;1;0;0
5;1;1;2;4;0;0;0;0;1;0;0
5;1;1;32;4;0;0;0;0;1;0;0
5;1;2;42;7;0;0;0;0;0;0;0
5;1;3;2;1;1;1;0;0;0;0;0
5;2;2;187;3;1;0;0;1;0;0;0
5;2;2;90;5;1;0;0;0;0;1;0
5;1;1;34;1;1;1;0;0;0;0;0
5;2;2;8;1;1;1;0;0;0;0;0
5;2;3;20;4;1;0;0;0;1;0;0
5;1;2;119;2;1;0;1;0;0;0;0
5;1;2;32;5;1;0;0;0;0;1;0
5;1;1;5;3;1;0;0;1;0;0;0
5;1;2;13;5;1;0;0;0;0;1;0
5;1;1;3;1;1;1;0;0;0;0;0
5;1;1;215;3;0;0;0;1;0;0;0
5;1;2;38;2;0;0;1;0;0;0;0
5;1;1;411;2;1;0;1;0;0;0;0
5;1;2;7;6;0;0;0;0;0;0;1
5;1;1;1;2;1;0;1;0;0;0;0
5;2;1;1;3;0;0;0;1;0;0;0
5;2;4;43;3;1;0;0;1;0;0;0
5;2;1;35;6;0;0;0;0;0;0;1
5;1;1;327;4;0;0;0;0;1;0;0
5;1;1;13;4;1;0;0;0;1;0;0
5;1;2;11;1;0;1;0;0;0;0;0
5;2;3;19;1;1;1;0;0;0;0;0
5;2;1;31;4;1;0;0;0;1;0;0
5;1;1;9;6;1;0;0;0;0;0;1
5;2;3;77;5;0;0;0;0;0;1;0
5;1;1;84;1;1;1;0;0;0;0;0
5;1;1;55;7;1;0;0;0;0;0;0
5;2;3;66;4;1;0;0;0;1;0;0
5;1;2;30;5;1;0;0;0;0;1;0
5;1;1;27;4;1;0;0;0;1;0;0
5;2;3;30;3;1;0;0;1;0;0;0
5;1;1;2;5;1;0;0;0;0;1;0
5;1;1;4;6;0;0;0;0;0;0;1
5;5;6;18;7;1;0;0;0;0;0;0
5;3;2;22;5;0;0;0;0;0;1;0
5;1;1;68;5;1;0;0;0;0;1;0
5;1;2;33;1;0;1;0;0;0;0;0
5;2;4;8;5;1;0;0;0;0;1;0
5;4;3;9;4;0;0;0;0;1;0;0
5;1;2;10;6;1;0;0;0;0;0;1
5;2;1;5;6;0;0;0;0;0;0;1
5;1;2;60;4;0;0;0;0;1;0;0
5;1;1;2;5;1;0;0;0;0;1;0
5;1;1;30;5;1;0;0;0;0;1;0
5;1;2;46;6;1;0;0;0;0;0;1
5;2;2;166;5;0;0;0;0;0;1;0
5;1;2;288;4;1;0;0;0;1;0;0
5;1;1;9;3;1;0;0;1;0;0;0
5;2;3;63;5;1;0;0;0;0;1;0
5;4;2;222;4;1;0;0;0;1;0;0
5;2;2;12;3;1;0;0;1;0;0;0
5;1;1;138;4;1;0;0;0;1;0;0
5;1;1;119;1;1;1;0;0;0;0;0
5;1;1;18;3;1;0;0;1;0;0;0
5;2;2;19;4;1;0;0;0;1;0;0
5;1;1;173;3;1;0;0;1;0;0;0
5;1;1;12;3;1;0;0;1;0;0;0
5;1;1;74;3;1;0;0;1;0;0;0
5;1;1;5;3;1;0;0;1;0;0;0
5;1;1;74;4;1;0;0;0;1;0;0
5;1;1;37;5;1;0;0;0;0;1;0
5;1;2;24;1;0;1;0;0;0;0;0
5;1;1;9;5;1;0;0;0;0;1;0
5;1;1;20;4;1;0;0;0;1;0;0
5;1;4;17;6;0;0;0;0;0;0;1
5;1;2;7;4;0;0;0;0;1;0;0
5;1;3;6;2;0;0;1;0;0;0;0
5;2;5;35;2;0;0;1;0;0;0;0
5;3;1;126;3;1;0;0;1;0;0;0
5;3;1;116;1;0;1;0;0;0;0;0
5;1;1;19;2;1;0;1;0;0;0;0
5;1;2;3;7;0;0;0;0;0;0;0
5;1;2;93;1;1;1;0;0;0;0;0
5;1;3;32;5;1;0;0;0;0;1;0
5;1;3;19;6;1;0;0;0;0;0;1
5;1;1;130;3;1;0;0;1;0;0;0
5;3;3;273;4;0;0;0;0;1;0;0
5;1;1;83;2;1;0;1;0;0;0;0
5;1;2;14;6;1;0;0;0;0;0;1
5;1;1;48;6;1;0;0;0;0;0;1
5;3;2;5;4;0;0;0;0;1;0;0
5;1;3;19;3;0;0;0;1;0;0;0
5;1;1;9;5;0;0;0;0;0;1;0
5;2;2;194;4;1;0;0;0;1;0;0
5;1;2;56;5;1;0;0;0;0;1;0
5;1;2;7;4;1;0;0;0;1;0;0
5;1;1;3;3;1;0;0;1;0;0;0
5;1;3;11;3;0;0;0;1;0;0;0
5;1;1;4;1;1;1;0;0;0;0;0
5;1;1;143;3;0;0;0;1;0;0;0
5;1;2;5;1;1;1;0;0;0;0;0
5;2;3;97;2;1;0;1;0;0;0;0
5;1;3;29;6;1;0;0;0;0;0;1
5;2;3;4;7;1;0;0;0;0;0;0
5;1;1;9;5;1;0;0;0;0;1;0
5;1;3;17;4;1;0;0;0;1;0;0
5;2;3;45;1;0;1;0;0;0;0;0
5;1;1;281;5;1;0;0;0;0;1;0
5;2;2;399;5;0;0;0;0;0;1;0
5;1;3;1;1;1;1;0;0;0;0;0
5;1;2;26;5;1;0;0;0;0;1;0
5;1;2;10;4;0;0;0;0;1;0;0
5;1;1;52;2;1;0;1;0;0;0;0
5;1;1;95;5;1;0;0;0;0;1;0
5;1;2;26;2;1;0;1;0;0;0;0
5;1;2;4;4;0;0;0;0;1;0;0
5;1;2;11;6;1;0;0;0;0;0;1
5;2;2;167;4;1;0;0;0;1;0;0
5;1;1;37;5;1;0;0;0;0;1;0
5;1;1;3;5;0;0;0;0;0;1;0
5;2;2;141;4;1;0;0;0;1;0;0
5;1;2;62;4;1;0;0;0;1;0;0
5;1;2;22;4;1;0;0;0;1;0;0
5;1;2;23;1;1;1;0;0;0;0;0
5;1;1;79;5;1;0;0;0;0;1;0
5;2;3;41;3;0;0;0;1;0;0;0
5;1;3;9;2;1;0;1;0;0;0;0
5;4;1;26;6;1;0;0;0;0;0;1
5;2;4;38;4;1;0;0;0;1;0;0
5;1;1;12;7;0;0;0;0;0;0;0
5;1;1;33;1;0;1;0;0;0;0;0
5;1;1;86;4;1;0;0;0;1;0;0
5;1;2;12;1;1;1;0;0;0;0;0
5;2;1;5;3;1;0;0;1;0;0;0
5;1;1;1;2;1;0;1;0;0;0;0
5;2;3;88;6;1;0;0;0;0;0;1
5;1;3;35;4;0;0;0;0;1;0;0
5;3;4;22;2;0;0;1;0;0;0;0
4;1;1;7;1;0;1;0;0;0;0;0
4;1;1;4;3;1;0;0;1;0;0;0
4;1;4;72;4;1;0;0;0;1;0;0
4;1;1;6;7;1;0;0;0;0;0;0
4;1;2;30;1;1;1;0;0;0;0;0
4;2;2;177;4;1;0;0;0;1;0;0
4;1;1;21;1;1;1;0;0;0;0;0
4;1;2;5;2;0;0;1;0;0;0;0
4;1;1;77;1;0;1;0;0;0;0;0
4;1;3;6;5;0;0;0;0;0;1;0
4;1;1;101;2;1;0;1;0;0;0;0
4;1;1;15;4;0;0;0;0;1;0;0
4;1;1;141;5;1;0;0;0;0;1;0
4;2;4;43;4;1;0;0;0;1;0;0
4;1;2;4;1;0;1;0;0;0;0;0
4;2;3;123;2;1;0;1;0;0;0;0
4;1;2;46;2;1;0;1;0;0;0;0
4;1;2;339;4;0;0;0;0;1;0;0
4;2;4;14;2;0;0;1;0;0;0;0
4;1;2;14;4;0;0;0;0;1;0;0
4;2;2;3;2;0;0;1;0;0;0;0
4;1;2;415;4;0;0;0;0;1;0;0
4;1;3;15;7;1;0;0;0;0;0;0
4;1;2;75;7;1;0;0;0;0;0;0
4;1;1;7;6;1;0;0;0;0;0;1
4;1;1;7;3;1;0;0;1;0;0;0
4;1;1;56;2;1;0;1;0;0;0;0
4;1;2;2;6;0;0;0;0;0;0;1
4;1;1;132;3;1;0;0;1;0;0;0
4;1;1;11;4;0;0;0;0;1;0;0
4;1;2;57;4;1;0;0;0;1;0;0
4;2;3;71;3;1;0;0;1;0;0;0
4;1;2;100;3;1;0;0;1;0;0;0
4;1;1;29;2;1;0;1;0;0;0;0
4;2;1;44;2;0;0;1;0;0;0;0
4;2;2;1;4;1;0;0;0;1;0;0
4;1;2;2;7;1;0;0;0;0;0;0
4;1;1;25;3;1;0;0;1;0;0;0
4;1;2;7;4;1;0;0;0;1;0;0
4;1;1;46;5;1;0;0;0;0;1;0
4;1;1;2;6;1;0;0;0;0;0;1
4;1;1;37;3;1;0;0;1;0;0;0
4;3;3;23;3;0;0;0;1;0;0;0
4;1;2;3;6;1;0;0;0;0;0;1
4;1;5;2;5;1;0;0;0;0;1;0
4;1;2;22;2;0;0;1;0;0;0;0
4;1;2;4;3;0;0;0;1;0;0;0
4;1;1;99;3;1;0;0;1;0;0;0
4;4;1;5;7;0;0;0;0;0;0;0
4;2;1;12;3;1;0;0;1;0;0;0
4;1;3;296;3;0;0;0;1;0;0;0
4;2;2;207;4;0;0;0;0;1;0;0
4;1;2;7;5;1;0;0;0;0;1;0
4;1;3;74;5;1;0;0;0;0;1;0
4;1;2;490;2;1;0;1;0;0;0;0
4;1;1;6;3;1;0;0;1;0;0;0
4;1;2;140;4;1;0;0;0;1;0;0
4;1;1;20;6;1;0;0;0;0;0;1
4;1;2;19;2;1;0;1;0;0;0;0
4;1;1;2;4;0;0;0;0;1;0;0
4;1;1;51;1;1;1;0;0;0;0;0
4;1;1;3;5;1;0;0;0;0;1;0
4;2;3;80;5;0;0;0;0;0;1;0
4;1;1;1;2;1;0;1;0;0;0;0
4;1;2;130;3;1;0;0;1;0;0;0
4;1;1;2;1;1;1;0;0;0;0;0
4;1;1;17;4;0;0;0;0;1;0;0
4;1;1;4;7;1;0;0;0;0;0;0
4;2;3;52;5;1;0;0;0;0;1;0
4;1;1;126;3;1;0;0;1;0;0;0
4;1;4;8;5;1;0;0;0;0;1;0
4;1;4;52;3;1;0;0;1;0;0;0
4;1;1;3;4;1;0;0;0;1;0;0
4;2;2;103;3;1;0;0;1;0;0;0
4;1;1;35;5;0;0;0;0;0;1;0
4;1;1;19;3;0;0;0;1;0;0;0
4;1;1;281;4;1;0;0;0;1;0;0
4;1;2;105;5;1;0;0;0;0;1;0
4;2;2;95;5;1;0;0;0;0;1;0
4;1;1;2;4;0;0;0;0;1;0;0
4;3;1;22;5;1;0;0;0;0;1;0
4;1;2;1;1;0;1;0;0;0;0;0
4;1;1;53;1;0;1;0;0;0;0;0
4;1;1;6;3;1;0;0;1;0;0;0
4;1;1;37;4;1;0;0;0;1;0;0
4;1;1;3;6;0;0;0;0;0;0;1
4;1;1;3;3;0;0;0;1;0;0;0
4;1;2;47;5;1;0;0;0;0;1;0
4;1;2;22;3;1;0;0;1;0;0;0
4;1;1;69;5;1;0;0;0;0;1;0
4;1;1;598;2;0;0;1;0;0;0;0
4;1;2;36;5;0;0;0;0;0;1;0
4;1;4;16;3;1;0;0;1;0;0;0
4;1;1;10;2;0;0;1;0;0;0;0
4;2;1;25;1;1;1;0;0;0;0;0
4;1;1;129;5;1;0;0;0;0;1;0
4;1;1;2;4;1;0;0;0;1;0;0
4;1;1;1;5;1;0;0;0;0;1;0
4;1;2;2;5;0;0;0;0;0;1;0
4;2;1;3;2;0;0;1;0;0;0;0
4;1;1;33;3;1;0;0;1;0;0;0
4;1;2;86;2;1;0;1;0;0;0;0
4;1;1;1;7;0;0;0;0;0;0;0
4;1;2;17;4;0;0;0;0;1;0;0
4;1;1;108;2;0;0;1;0;0;0;0
4;2;3;305;4;1;0;0;0;1;0;0
4;1;1;2;4;0;0;0;0;1;0;0
4;2;2;123;4;1;0;0;0;1;0;0
4;1;1;67;5;1;0;0;0;0;1;0
4;1;1;1;3;1;0;0;1;0;0;0
4;1;2;16;1;0;1;0;0;0;0;0
4;3;2;40;2;1;0;1;0;0;0;0
4;1;1;7;3;1;0;0;1;0;0;0
4;2;1;56;1;1;1;0;0;0;0;0
4;2;2;49;2;0;0;1;0;0;0;0
4;1;1;44;6;1;0;0;0;0;0;1
4;1;3;11;5;1;0;0;0;0;1;0
4;1;1;3;2;1;0;1;0;0;0;0
4;1;2;21;5;1;0;0;0;0;1;0
4;1;2;2;5;1;0;0;0;0;1;0
4;1;1;7;7;1;0;0;0;0;0;0
4;2;2;123;5;1;0;0;0;0;1;0
4;1;1;3;1;0;1;0;0;0;0;0
4;1;2;249;5;1;0;0;0;0;1;0
4;2;1;118;1;1;1;0;0;0;0;0
4;1;2;18;5;0;0;0;0;0;1;0
4;2;2;26;1;1;1;0;0;0;0;0
4;1;1;4;5;0;0;0;0;0;1;0
4;3;2;156;3;0;0;0;1;0;0;0
4;2;1;32;4;1;0;0;0;1;0;0
4;1;2;98;4;1;0;0;0;1;0;0
4;1;2;10;4;1;0;0;0;1;0;0
4;1;1;4;5;0;0;0;0;0;1;0
4;3;3;165;2;0;0;1;0;0;0;0
4;1;2;6;5;1;0;0;0;0;1;0
4;1;1;73;4;1;0;0;0;1;0;0
4;1;2;14;3;0;0;0;1;0;0;0
4;1;3;57;3;1;0;0;1;0;0;0
4;1;1;16;4;0;0;0;0;1;0;0
4;1;1;22;1;1;1;0;0;0;0;0
4;1;1;69;4;1;0;0;0;1;0;0
4;1;1;23;5;0;0;0;0;0;1;0
4;2;2;20;3;1;0;0;1;0;0;0
4;1;1;57;1;1;1;0;0;0;0;0
4;2;1;2;5;1;0;0;0;0;1;0
4;2;1;8;4;0;0;0;0;1;0;0
4;1;1;5;2;0;0;1;0;0;0;0
4;2;2;11;2;1;0;1;0;0;0;0
4;1;2;2;6;1;0;0;0;0;0;1
4;2;2;46;7;1;0;0;0;0;0;0
4;1;1;40;5;1;0;0;0;0;1;0
4;1;4;4;1;1;1;0;0;0;0;0
4;1;1;3;5;0;0;0;0;0;1;0
4;1;1;9;3;0;0;0;1;0;0;0
4;1;3;6;2;0;0;1;0;0;0;0
4;2;2;1;4;1;0;0;0;1;0;0
4;1;1;34;1;1;1;0;0;0;0;0
4;1;1;13;2;1;0;1;0;0;0;0
4;1;2;5;2;1;0;1;0;0;0;0
4;2;2;33;3;1;0;0;1;0;0;0
4;2;1;6;4;0;0;0;0;1;0;0
4;1;1;4;4;1;0;0;0;1;0;0
4;1;1;1;2;0;0;1;0;0;0;0
4;2;1;9;4;0;0;0;0;1;0;0
4;1;3;30;7;1;0;0;0;0;0;0
4;1;5;11;4;0;0;0;0;1;0;0
4;3;4;5;7;0;0;0;0;0;0;0
4;1;1;1;2;1;0;1;0;0;0;0
4;1;4;9;6;1;0;0;0;0;0;1
4;1;1;35;4;1;0;0;0;1;0;0
4;1;1;4;4;0;0;0;0;1;0;0
4;1;1;3;2;1;0;1;0;0;0;0
4;1;1;38;4;1;0;0;0;1;0;0
4;1;1;2;3;0;0;0;1;0;0;0
4;1;2;21;5;1;0;0;0;0;1;0
4;1;2;4;4;1;0;0;0;1;0;0
4;1;3;22;7;1;0;0;0;0;0;0
4;1;1;5;4;1;0;0;0;1;0;0
4;1;2;107;2;1;0;1;0;0;0;0
4;1;2;59;3;0;0;0;1;0;0;0
4;1;1;9;2;0;0;1;0;0;0;0
4;1;2;13;7;1;0;0;0;0;0;0
4;1;2;1;6;1;0;0;0;0;0;1
4;1;1;182;4;1;0;0;0;1;0;0
4;1;4;15;5;1;0;0;0;0;1;0
4;1;2;40;2;0;0;1;0;0;0;0
4;1;1;53;4;1;0;0;0;1;0;0
4;1;1;1;1;1;1;0;0;0;0;0
4;1;2;3;6;0;0;0;0;0;0;1
4;1;1;36;2;0;0;1;0;0;0;0
4;1;3;33;2;1;0;1;0;0;0;0
4;1;1;6;3;0;0;0;1;0;0;0
4;2;2;4;7;1;0;0;0;0;0;0
4;1;1;12;5;1;0;0;0;0;1;0
4;1;2;117;4;1;0;0;0;1;0;0
4;2;1;13;6;1;0;0;0;0;0;1
4;2;2;43;4;1;0;0;0;1;0;0
4;1;1;9;5;0;0;0;0;0;1;0
4;1;2;33;5;0;0;0;0;0;1;0
4;1;2;24;5;0;0;0;0;0;1;0
4;1;2;6;2;1;0;1;0;0;0;0
4;1;1;9;3;0;0;0;1;0;0;0
4;1;2;16;1;0;1;0;0;0;0;0
3;1;1;91;3;1;0;0;1;0;0;0
3;1;1;21;3;0;0;0;1;0;0;0
3;1;1;309;4;0;0;0;0;1;0;0
3;1;1;114;4;1;0;0;0;1;0;0
3;1;1;64;6;1;0;0;0;0;0;1
3;1;1;73;3;1;0;0;1;0;0;0
3;1;2;27;6;0;0;0;0;0;0;1
3;1;1;1;2;0;0;1;0;0;0;0
3;2;1;38;3;0;0;0;1;0;0;0
3;1;3;3;3;1;0;0;1;0;0;0
3;1;1;4;3;0;0;0;1;0;0;0
3;1;2;8;1;1;1;0;0;0;0;0
3;1;1;90;4;1;0;0;0;1;0;0
3;1;4;1;5;1;0;0;0;0;1;0
3;1;2;11;6;1;0;0;0;0;0;1
3;1;1;32;1;0;1;0;0;0;0;0
3;2;3;66;3;0;0;0;1;0;0;0
3;1;1;77;4;1;0;0;0;1;0;0
3;1;1;69;3;0;0;0;1;0;0;0
3;2;1;119;7;1;0;0;0;0;0;0
3;1;1;8;5;1;0;0;0;0;1;0
3;1;1;186;4;1;0;0;0;1;0;0
3;1;1;28;6;1;0;0;0;0;0;1
3;1;2;326;4;0;0;0;0;1;0;0
3;1;3;369;4;0;0;0;0;1;0;0
3;1;2;1;6;0;0;0;0;0;0;1
3;2;1;74;3;0;0;0;1;0;0;0
3;1;2;75;5;1;0;0;0;0;1;0
3;1;1;103;4;1;0;0;0;1;0;0
3;1;1;82;6;1;0;0;0;0;0;1
3;1;1;144;3;0;0;0;1;0;0;0
3;1;1;81;4;1;0;0;0;1;0;0
3;1;1;19;1;0;1;0;0;0;0;0
3;2;1;5;5;1;0;0;0;0;1;0
3;1;1;30;2;1;0;1;0;0;0;0
3;1;1;135;4;1;0;0;0;1;0;0
3;1;2;396;1;1;1;0;0;0;0;0
3;1;1;1;4;1;0;0;0;1;0;0
3;1;1;5;6;1;0;0;0;0;0;1
3;1;1;387;2;0;0;1;0;0;0;0
3;2;1;77;3;1;0;0;1;0;0;0
3;1;3;29;5;1;0;0;0;0;1;0
3;1;1;19;2;0;0;1;0;0;0;0
3;1;1;313;4;1;0;0;0;1;0;0
3;1;1;1;6;1;0;0;0;0;0;1
3;1;1;13;2;1;0;1;0;0;0;0
3;1;1;16;2;1;0;1;0;0;0;0
3;1;3;7;6;0;0;0;0;0;0;1
3;1;1;111;5;1;0;0;0;0;1;0
3;2;1;12;5;0;0;0;0;0;1;0
3;2;2;10;5;0;0;0;0;0;1;0
3;2;1;7;4;0;0;0;0;1;0;0
3;1;2;17;5;0;0;0;0;0;1;0
3;1;1;282;2;1;0;1;0;0;0;0
3;1;1;31;7;0;0;0;0;0;0;0
3;1;1;8;1;1;1;0;0;0;0;0
3;1;2;116;4;1;0;0;0;1;0;0
3;1;1;4;6;1;0;0;0;0;0;1
3;3;1;16;5;1;0;0;0;0;1;0
3;1;1;332;3;0;0;0;1;0;0;0
3;1;1;153;5;1;0;0;0;0;1;0
3;1;1;2;3;1;0;0;1;0;0;0
3;1;1;92;4;0;0;0;0;1;0;0
3;1;2;43;3;1;0;0;1;0;0;0
3;1;3;1;6;0;0;0;0;0;0;1
3;1;1;114;2;1;0;1;0;0;0;0
3;1;1;78;5;1;0;0;0;0;1;0
3;1;1;22;3;0;0;0;1;0;0;0
3;1;1;1;5;1;0;0;0;0;1;0
3;1;1;162;4;1;0;0;0;1;0;0
3;1;1;20;4;1;0;0;0;1;0;0
3;1;1;1;6;0;0;0;0;0;0;1
3;1;1;100;2;1;0;1;0;0;0;0
3;1;1;10;1;0;1;0;0;0;0;0
3;1;1;49;3;1;0;0;1;0;0;0
3;1;1;2;7;1;0;0;0;0;0;0
3;1;1;114;5;1;0;0;0;0;1;0
3;1;2;64;5;1;0;0;0;0;1;0
3;1;2;19;5;1;0;0;0;0;1;0
3;1;2;16;5;1;0;0;0;0;1;0
3;1;1;13;1;1;1;0;0;0;0;0
3;5;3;11;3;0;0;0;1;0;0;0
3;1;3;49;5;1;0;0;0;0;1;0
3;1;2;16;4;0;0;0;0;1;0;0
3;1;1;474;1;0;1;0;0;0;0;0
3;1;1;71;7;0;0;0;0;0;0;0
3;1;2;52;7;1;0;0;0;0;0;0
3;1;2;30;4;1;0;0;0;1;0;0
3;1;1;409;2;1;0;1;0;0;0;0
3;1;2;22;1;0;1;0;0;0;0;0
3;1;2;2;7;0;0;0;0;0;0;0
3;1;2;16;2;0;0;1;0;0;0;0
3;1;1;195;4;0;0;0;0;1;0;0
3;1;1;55;5;1;0;0;0;0;1;0
3;1;2;55;5;0;0;0;0;0;1;0
3;1;3;48;1;0;1;0;0;0;0;0
3;1;2;46;5;0;0;0;0;0;1;0
3;1;2;5;3;1;0;0;1;0;0;0
3;1;2;77;2;1;0;1;0;0;0;0
3;1;1;70;3;1;0;0;1;0;0;0
3;1;2;40;2;1;0;1;0;0;0;0
3;1;2;7;3;0;0;0;1;0;0;0
3;1;1;69;4;1;0;0;0;1;0;0
3;2;1;74;1;1;1;0;0;0;0;0
3;1;2;167;4;0;0;0;0;1;0;0
3;1;2;78;1;1;1;0;0;0;0;0
3;1;1;35;2;0;0;1;0;0;0;0
3;1;2;6;3;0;0;0;1;0;0;0
3;1;1;67;4;1;0;0;0;1;0;0
3;1;2;15;5;1;0;0;0;0;1;0
3;1;1;20;2;0;0;1;0;0;0;0
3;1;2;10;3;1;0;0;1;0;0;0
3;1;1;328;4;1;0;0;0;1;0;0
3;1;1;1;2;0;0;1;0;0;0;0
3;1;2;19;2;1;0;1;0;0;0;0
3;1;1;2;1;0;1;0;0;0;0;0
3;1;2;47;2;1;0;1;0;0;0;0
3;1;2;14;7;1;0;0;0;0;0;0
3;1;1;208;3;0;0;0;1;0;0;0
3;1;1;3;1;1;1;0;0;0;0;0
3;2;1;16;5;1;0;0;0;0;1;0
3;1;2;74;3;1;0;0;1;0;0;0
3;1;1;269;5;0;0;0;0;0;1;0
3;1;1;7;6;1;0;0;0;0;0;1
3;1;1;29;4;1;0;0;0;1;0;0
3;1;1;29;4;0;0;0;0;1;0;0
3;1;1;2;4;0;0;0;0;1;0;0
3;1;1;98;5;0;0;0;0;0;1;0
3;1;1;76;2;0;0;1;0;0;0;0
3;1;1;68;3;1;0;0;1;0;0;0
3;1;1;4;7;1;0;0;0;0;0;0
3;1;2;70;2;1;0;1;0;0;0;0
3;2;1;4;7;1;0;0;0;0;0;0
3;1;1;111;1;1;1;0;0;0;0;0
3;1;4;3;2;0;0;1;0;0;0;0
3;1;1;6;7;1;0;0;0;0;0;0
3;1;1;9;4;1;0;0;0;1;0;0
3;1;2;62;7;1;0;0;0;0;0;0
3;2;2;26;2;1;0;1;0;0;0;0
3;1;2;280;4;0;0;0;0;1;0;0
3;1;1;24;5;0;0;0;0;0;1;0
3;1;1;32;5;1;0;0;0;0;1;0
3;1;2;80;7;1;0;0;0;0;0;0
3;1;2;46;2;1;0;1;0;0;0;0
3;1;2;7;5;1;0;0;0;0;1;0
3;1;1;143;2;1;0;1;0;0;0;0
3;2;1;3;5;0;0;0;0;0;1;0
3;1;2;13;4;1;0;0;0;1;0;0
3;1;1;1;4;0;0;0;0;1;0;0
3;2;1;14;2;1;0;1;0;0;0;0
3;1;1;127;2;0;0;1;0;0;0;0
3;1;2;66;2;0;0;1;0;0;0;0
3;1;1;470;2;0;0;1;0;0;0;0
3;1;2;64;4;1;0;0;0;1;0;0
3;1;1;59;5;1;0;0;0;0;1;0
3;1;2;23;3;1;0;0;1;0;0;0
3;1;1;181;4;1;0;0;0;1;0;0
3;1;1;217;5;0;0;0;0;0;1;0
3;2;1;77;3;1;0;0;1;0;0;0
3;1;1;126;1;1;1;0;0;0;0;0
3;1;1;52;2;0;0;1;0;0;0;0
3;1;1;108;5;0;0;0;0;0;1;0
3;2;1;15;3;0;0;0;1;0;0;0
3;1;2;599;5;0;0;0;0;0;1;0
3;1;2;56;2;1;0;1;0;0;0;0
3;1;2;13;1;0;1;0;0;0;0;0
3;1;1;120;2;1;0;1;0;0;0;0
3;1;1;22;6;0;0;0;0;0;0;1
3;1;3;122;3;1;0;0;1;0;0;0
3;1;1;5;4;1;0;0;0;1;0;0
3;1;1;301;5;1;0;0;0;0;1;0
3;1;1;1;6;1;0;0;0;0;0;1
3;1;2;2;2;0;0;1;0;0;0;0
3;1;1;32;4;1;0;0;0;1;0;0
3;2;2;3;2;0;0;1;0;0;0;0
3;1;1;82;3;1;0;0;1;0;0;0
3;1;2;10;1;0;1;0;0;0;0;0
3;1;1;40;1;0;1;0;0;0;0;0
3;1;2;23;4;1;0;0;0;1;0;0
3;1;1;16;5;1;0;0;0;0;1;0
3;1;1;3;6;0;0;0;0;0;0;1
3;1;3;62;3;0;0;0;1;0;0;0
3;1;2;32;5;1;0;0;0;0;1;0
3;1;2;1;4;1;0;0;0;1;0;0
3;1;1;48;3;1;0;0;1;0;0;0
3;1;1;598;1;0;1;0;0;0;0;0
3;2;1;95;2;1;0;1;0;0;0;0
3;1;1;3;5;1;0;0;0;0;1;0
3;1;3;49;5;1;0;0;0;0;1;0
3;1;2;4;5;1;0;0;0;0;1;0
3;1;1;93;3;1;0;0;1;0;0;0
3;1;1;6;2;1;0;1;0;0;0;0
3;2;1;91;2;1;0;1;0;0;0;0
3;2;2;21;3;0;0;0;1;0;0;0
3;1;1;25;5;0;0;0;0;0;1;0
3;1;1;22;3;1;0;0;1;0;0;0
3;2;2;59;3;1;0;0;1;0;0;0
3;1;2;445;4;0;0;0;0;1;0;0
3;1;1;125;3;1;0;0;1;0;0;0
3;1;2;6;3;0;0;0;1;0;0;0
3;1;2;6;3;1;0;0;1;0;0;0
3;1;1;545;1;0;1;0;0;0;0;0
3;1;1;45;5;1;0;0;0;0;1;0
3;1;1;194;2;1;0;1;0;0;0;0
3;1;1;5;5;1;0;0;0;0;1;0
3;1;2;74;7;0;0;0;0;0;0;0
3;1;1;1;3;0;0;0;1;0;0;0
3;2;2;123;1;0;1;0;0;0;0;0
3;1;2;30;1;0;1;0;0;0;0;0
3;2;1;78;2;1;0;1;0;0;0;0
3;1;1;190;1;1;1;0;0;0;0;0
3;2;2;113;3;1;0;0;1;0;0;0
3;3;1;94;1;1;1;0;0;0;0;0
2;1;1;3;6;1;0;0;0;0;0;1
2;1;1;20;3;0;0;0;1;0;0;0
2;1;1;3;4;0;0;0;0;1;0;0
2;1;1;7;2;0;0;1;0;0;0;0
2;1;1;18;7;1;0;0;0;0;0;0
2;1;1;3;3;1;0;0;1;0;0;0
2;1;1;2;5;1;0;0;0;0;1;0
2;1;1;39;2;1;0;1;0;0;0;0
2;1;1;13;7;0;0;0;0;0;0;0
2;1;2;89;4;1;0;0;0;1;0;0
2;1;1;5;5;1;0;0;0;0;1;0
2;1;1;16;3;0;0;0;1;0;0;0
2;1;1;118;2;0;0;1;0;0;0;0
2;1;1;16;7;1;0;0;0;0;0;0
2;1;1;2;4;1;0;0;0;1;0;0
2;1;2;58;1;1;1;0;0;0;0;0
2;1;1;9;1;1;1;0;0;0;0;0
2;1;1;5;7;0;0;0;0;0;0;0
2;1;1;29;3;1;0;0;1;0;0;0
2;1;3;371;4;0;0;0;0;1;0;0
2;1;1;68;1;1;1;0;0;0;0;0
2;1;1;5;7;0;0;0;0;0;0;0
2;1;1;73;7;1;0;0;0;0;0;0
2;1;1;118;4;0;0;0;0;1;0;0
2;1;1;7;5;1;0;0;0;0;1;0
2;2;4;11;1;1;1;0;0;0;0;0
2;1;1;7;5;0;0;0;0;0;1;0
2;1;1;65;3;1;0;0;1;0;0;0
2;1;2;2;3;1;0;0;1;0;0;0
2;1;1;354;4;0;0;0;0;1;0;0
2;2;1;120;3;0;0;0;1;0;0;0
2;1;1;55;1;1;1;0;0;0;0;0
2;1;2;1;6;1;0;0;0;0;0;1
2;1;1;93;3;0;0;0;1;0;0;0
2;1;1;53;2;0;0;1;0;0;0;0
2;1;2;7;4;1;0;0;0;1;0;0
2;1;1;3;4;0;0;0;0;1;0;0
2;2;1;4;3;0;0;0;1;0;0;0
2;1;2;29;1;1;1;0;0;0;0;0
2;1;1;34;4;1;0;0;0;1;0;0
2;1;1;32;3;1;0;0;1;0;0;0
2;1;1;98;2;0;0;1;0;0;0;0
2;1;1;69;3;1;0;0;1;0;0;0
2;1;1;6;1;1;1;0;0;0;0;0
2;1;2;3;5;0;0;0;0;0;1;0
2;1;2;60;3;1;0;0;1;0;0;0
2;1;1;246;4;1;0;0;0;1;0;0
2;1;7;5;3;1;0;0;1;0;0;0
2;1;1;11;4;1;0;0;0;1;0;0
2;1;1;312;1;0;1;0;0;0;0;0
2;1;1;31;2;1;0;1;0;0;0;0
2;1;1;19;5;1;0;0;0;0;1;0
2;1;2;26;5;1;0;0;0;0;1;0
2;1;2;3;5;1;0;0;0;0;1;0
2;1;1;5;4;1;0;0;0;1;0;0
2;1;1;2;1;1;1;0;0;0;0;0
2;1;1;17;6;1;0;0;0;0;0;1
2;1;1;1;1;1;1;0;0;0;0;0
2;1;2;412;4;0;0;0;0;1;0;0
2;1;1;55;3;0;0;0;1;0;0;0
2;1;2;12;1;0;1;0;0;0;0;0
2;1;1;4;7;0;0;0;0;0;0;0
2;1;1;98;4;1;0;0;0;1;0;0
2;1;2;42;7;1;0;0;0;0;0;0
2;1;1;3;4;1;0;0;0;1;0;0
2;1;1;1;4;1;0;0;0;1;0;0
2;1;1;9;1;1;1;0;0;0;0;0
2;1;1;6;7;0;0;0;0;0;0;0
2;2;1;85;3;1;0;0;1;0;0;0
2;1;1;13;1;0;1;0;0;0;0;0
2;1;1;422;3;1;0;0;1;0;0;0
2;1;1;9;7;1;0;0;0;0;0;0
2;1;2;12;1;0;1;0;0;0;0;0
2;1;1;5;3;0;0;0;1;0;0;0
2;1;1;10;3;0;0;0;1;0;0;0
2;1;1;7;6;1;0;0;0;0;0;1
2;1;2;13;4;0;0;0;0;1;0;0
2;1;2;1;7;1;0;0;0;0;0;0
2;1;2;13;1;0;1;0;0;0;0;0
2;1;1;6;1;1;1;0;0;0;0;0
2;1;1;8;7;1;0;0;0;0;0;0
2;1;1;38;3;0;0;0;1;0;0;0
2;1;2;86;2;1;0;1;0;0;0;0
2;1;2;139;2;1;0;1;0;0;0;0
2;1;2;1;7;1;0;0;0;0;0;0
2;1;1;3;5;1;0;0;0;0;1;0
2;1;1;479;4;1;0;0;0;1;0;0
2;1;1;8;2;0;0;1;0;0;0;0
2;1;1;7;3;0;0;0;1;0;0;0
2;1;1;106;1;1;1;0;0;0;0;0
2;1;1;10;3;1;0;0;1;0;0;0
2;1;1;13;3;1;0;0;1;0;0;0
2;1;1;31;4;1;0;0;0;1;0;0
2;1;2;55;2;0;0;1;0;0;0;0
2;1;2;53;1;0;1;0;0;0;0;0
2;1;1;1;5;0;0;0;0;0;1;0
2;2;1;72;3;0;0;0;1;0;0;0
2;1;1;25;4;1;0;0;0;1;0;0
2;1;1;37;3;1;0;0;1;0;0;0
2;1;1;16;2;0;0;1;0;0;0;0
2;1;1;14;4;0;0;0;0;1;0;0
2;1;1;6;3;1;0;0;1;0;0;0
2;1;1;1;5;1;0;0;0;0;1;0
2;1;2;2;3;0;0;0;1;0;0;0
2;1;2;37;4;0;0;0;0;1;0;0
2;1;1;34;2;0;0;1;0;0;0;0
2;1;2;4;4;0;0;0;0;1;0;0
2;1;1;56;3;1;0;0;1;0;0;0
2;1;1;49;4;0;0;0;0;1;0;0
2;1;2;86;1;1;1;0;0;0;0;0
2;1;1;1;5;1;0;0;0;0;1;0
2;1;1;97;1;1;1;0;0;0;0;0
2;1;2;2;1;1;1;0;0;0;0;0
2;1;1;74;4;1;0;0;0;1;0;0
2;1;1;169;2;0;0;1;0;0;0;0
2;1;2;593;5;0;0;0;0;0;1;0
2;1;1;183;3;1;0;0;1;0;0;0
2;1;1;2;3;1;0;0;1;0;0;0
2;1;1;7;3;0;0;0;1;0;0;0
2;1;1;320;4;0;0;0;0;1;0;0
2;1;1;18;4;1;0;0;0;1;0;0
2;2;1;18;7;1;0;0;0;0;0;0
2;2;2;8;5;0;0;0;0;0;1;0
2;1;1;18;4;1;0;0;0;1;0;0
2;1;1;1;6;1;0;0;0;0;0;1
2;1;1;35;1;0;1;0;0;0;0;0
2;1;1;391;4;0;0;0;0;1;0;0
2;1;1;11;7;1;0;0;0;0;0;0
2;1;1;50;1;1;1;0;0;0;0;0
2;1;1;5;5;0;0;0;0;0;1;0
2;1;1;23;7;0;0;0;0;0;0;0
2;1;1;36;2;1;0;1;0;0;0;0
2;1;1;25;3;1;0;0;1;0;0;0
2;1;3;50;3;1;0;0;1;0;0;0
2;1;2;295;2;0;0;1;0;0;0;0
2;1;1;9;2;0;0;1;0;0;0;0
2;1;1;4;1;0;1;0;0;0;0;0
2;1;2;1;3;1;0;0;1;0;0;0
2;1;1;2;1;1;1;0;0;0;0;0
2;1;1;5;1;0;1;0;0;0;0;0
2;1;1;3;1;1;1;0;0;0;0;0
2;1;1;124;7;1;0;0;0;0;0;0
2;1;3;122;4;1;0;0;0;1;0;0
2;1;1;7;4;0;0;0;0;1;0;0
2;1;1;1;6;1;0;0;0;0;0;1
2;1;1;126;5;1;0;0;0;0;1;0
2;1;2;107;1;1;1;0;0;0;0;0
2;1;2;58;5;0;0;0;0;0;1;0
2;1;1;1;6;1;0;0;0;0;0;1
2;2;1;4;2;0;0;1;0;0;0;0
2;1;1;8;6;1;0;0;0;0;0;1
2;1;1;12;1;1;1;0;0;0;0;0
2;1;3;201;2;1;0;1;0;0;0;0
2;1;1;227;2;0;0;1;0;0;0;0
2;1;1;23;3;1;0;0;1;0;0;0
2;1;1;2;1;1;1;0;0;0;0;0
2;1;3;2;4;0;0;0;0;1;0;0
2;1;1;23;1;0;1;0;0;0;0;0
2;1;1;190;5;0;0;0;0;0;1;0
2;1;2;26;4;1;0;0;0;1;0;0
2;1;1;71;4;1;0;0;0;1;0;0
2;1;2;4;5;0;0;0;0;0;1;0
2;1;1;38;1;0;1;0;0;0;0;0
2;1;2;1;7;1;0;0;0;0;0;0
2;1;2;10;3;0;0;0;1;0;0;0
2;1;1;18;3;1;0;0;1;0;0;0
2;1;1;3;4;1;0;0;0;1;0;0
2;1;3;47;4;0;0;0;0;1;0;0
2;1;1;4;7;1;0;0;0;0;0;0
2;1;1;48;4;1;0;0;0;1;0;0
2;1;1;4;7;0;0;0;0;0;0;0
2;1;1;2;6;0;0;0;0;0;0;1
2;1;1;13;1;1;1;0;0;0;0;0
2;2;2;2;2;1;0;1;0;0;0;0
2;1;1;4;2;1;0;1;0;0;0;0
2;1;1;46;3;1;0;0;1;0;0;0
2;1;1;52;2;1;0;1;0;0;0;0
2;2;2;2;3;1;0;0;1;0;0;0
2;1;1;1;4;1;0;0;0;1;0;0
2;1;2;4;1;1;1;0;0;0;0;0
2;1;1;2;4;1;0;0;0;1;0;0
2;1;1;2;3;1;0;0;1;0;0;0
2;1;1;61;2;1;0;1;0;0;0;0
2;1;2;16;5;0;0;0;0;0;1;0
2;1;1;43;7;0;0;0;0;0;0;0
2;1;1;17;6;0;0;0;0;0;0;1
2;1;1;4;4;1;0;0;0;1;0;0
2;1;2;74;6;1;0;0;0;0;0;1
2;1;2;29;3;1;0;0;1;0;0;0
2;1;1;1;1;0;1;0;0;0;0;0
2;1;1;2;5;0;0;0;0;0;1;0
2;2;2;9;7;0;0;0;0;0;0;0
2;1;1;2;5;0;0;0;0;0;1;0
2;1;1;11;1;1;1;0;0;0;0;0
2;1;1;5;7;1;0;0;0;0;0;0
2;1;1;1;3;0;0;0;1;0;0;0
2;1;2;51;1;0;1;0;0;0;0;0
2;1;2;17;7;1;0;0;0;0;0;0
2;1;1;199;4;1;0;0;0;1;0;0
2;1;1;17;7;1;0;0;0;0;0;0
1;1;1;37;2;1;0;1;0;0;0;0
1;1;2;7;4;0;0;0;0;1;0;0
1;1;1;82;3;0;0;0;1;0;0;0
1;1;1;1;6;1;0;0;0;0;0;1
1;1;1;95;4;1;0;0;0;1;0;0
1;1;4;267;4;0;0;0;0;1;0;0
1;2;1;8;1;0;1;0;0;0;0;0
1;1;1;645;1;0;1;0;0;0;0;0
1;1;1;1;1;1;1;0;0;0;0;0
1;1;1;2;4;0;0;0;0;1;0;0
1;1;1;88;5;1;0;0;0;0;1;0
1;1;1;49;2;1;0;1;0;0;0;0
1;1;1;16;1;0;1;0;0;0;0;0
1;1;1;76;6;1;0;0;0;0;0;1
1;1;1;28;5;1;0;0;0;0;1;0
1;1;1;7;2;0;0;1;0;0;0;0
1;1;1;15;7;1;0;0;0;0;0;0
1;1;1;7;1;0;1;0;0;0;0;0
1;1;1;10;6;1;0;0;0;0;0;1
1;1;1;21;4;1;0;0;0;1;0;0
1;1;1;11;4;0;0;0;0;1;0;0
1;1;1;19;3;1;0;0;1;0;0;0
1;1;2;63;6;1;0;0;0;0;0;1
1;1;1;6;1;0;1;0;0;0;0;0
1;1;1;35;1;0;1;0;0;0;0;0
1;1;1;132;2;1;0;1;0;0;0;0
1;1;1;30;4;1;0;0;0;1;0;0
1;1;1;289;4;1;0;0;0;1;0;0
1;1;1;31;1;1;1;0;0;0;0;0
1;1;1;40;5;1;0;0;0;0;1;0
1;1;1;12;1;1;1;0;0;0;0;0
1;1;1;61;7;1;0;0;0;0;0;0
1;1;1;410;4;0;0;0;0;1;0;0
1;1;1;48;2;1;0;1;0;0;0;0
1;1;1;10;4;1;0;0;0;1;0;0
1;1;2;33;2;1;0;1;0;0;0;0
1;1;3;45;2;1;0;1;0;0;0;0
1;1;1;8;2;1;0;1;0;0;0;0
1;1;1;20;3;1;0;0;1;0;0;0
1;1;1;491;5;1;0;0;0;0;1;0
1;1;1;2;3;0;0;0;1;0;0;0
1;3;1;4;2;0;0;1;0;0;0;0
1;1;1;63;1;1;1;0;0;0;0;0
1;1;1;14;4;0;0;0;0;1;0;0
1;1;1;12;7;1;0;0;0;0;0;0
1;1;1;5;7;1;0;0;0;0;0;0
1;1;1;115;3;1;0;0;1;0;0;0
1;1;2;116;5;0;0;0;0;0;1;0
1;1;2;3;1;0;1;0;0;0;0;0
1;1;1;252;4;0;0;0;0;1;0;0
1;1;1;5;1;0;1;0;0;0;0;0
1;1;1;2;5;0;0;0;0;0;1;0
1;1;1;66;1;1;1;0;0;0;0;0
1;1;1;49;1;1;1;0;0;0;0;0
1;1;1;312;2;0;0;1;0;0;0;0
1;1;1;28;4;0;0;0;0;1;0;0
1;1;1;2;5;1;0;0;0;0;1;0
1;1;1;122;4;1;0;0;0;1;0;0
1;2;1;142;3;0;0;0;1;0;0;0
1;1;1;13;1;1;1;0;0;0;0;0
1;1;1;100;2;0;0;1;0;0;0;0
1;1;1;1;5;1;0;0;0;0;1;0
1;1;3;107;4;1;0;0;0;1;0;0
1;1;1;10;1;1;1;0;0;0;0;0
1;1;1;260;4;0;0;0;0;1;0;0
1;1;1;495;3;0;0;0;1;0;0;0
1;1;1;5;2;0;0;1;0;0;0;0
1;1;1;10;2;1;0;1;0;0;0;0
1;2;1;421;4;1;0;0;0;1;0;0
1;1;1;24;3;0;0;0;1;0;0;0
1;1;1;32;2;1;0;1;0;0;0;0
1;1;1;65;4;0;0;0;0;1;0;0
1;1;1;4;4;1;0;0;0;1;0;0
1;1;1;23;3;1;0;0;1;0;0;0
1;1;1;11;4;0;0;0;0;1;0;0
1;1;2;28;3;0;0;0;1;0;0;0
1;1;1;111;5;1;0;0;0;0;1;0
1;1;1;1;1;1;1;0;0;0;0;0
1;1;1;3;3;0;0;0;1;0;0;0
1;1;1;3;6;0;0;0;0;0;0;1
1;1;1;33;7;0;0;0;0;0;0;0
1;1;1;46;1;1;1;0;0;0;0;0
1;1;9;312;2;0;0;1;0;0;0;0
1;1;1;24;2;0;0;1;0;0;0;0
